objectname,objectid,rating,numplays,weight,own,fortrade,want,wanttobuy,wanttoplay,prevowned,preordered,wishlist,wishlistpriority,wishlistcomment,comment,conditiontext,haspartslist,wantpartslist,collid,baverage,average,avgweight,rank,numowned,objecttype,originalname,minplayers,maxplayers,playingtime,maxplaytime,minplaytime,yearpublished,bggrecplayers,bggbestplayers,bggrecagerange,bgglanguagedependence,publisherid,imageid,year,language,other,itemtype,barcode,pricepaid,pp_currency,currvalue,cv_currency,acquisitiondate,acquiredfrom,quantity,privatecomment,invlocation,invdate,version_publishers,version_languages,version_yearpublished,version_nickname
"Agent Avenue","422732","0","0","0","1","0","0","0","0","0","0","0","3","","","","","","128183033","6.71852","7.58461","1.2737","863","6747","thing","Agent Avenue","2","4","20","20","10","2024","2,4","2","8+","Moderate in-game text - needs crib sheet or paste ups","","","","","","standalone","","","","","","","","","","","","Nerdlab Games","German","2024","German edition"
"Agent Avenue: Division M","450196","0","0","0","1","0","0","0","0","0","0","0","3","","","","","","138561010","5.55368","7.98113","1.3333","0","665","thing","Agent Avenue: Division M","2","4","20","20","10","2025","2,3,4","2,4","8+","Moderate in-game text - needs crib sheet or paste ups","","","","","","expansion","","","","","","","","","","","","Nerdlab Games","German","2025","German edition"
"Agent Avenue: Waffenstillstand Promo Karte","430418","0","0","0","1","0","0","0","0","0","0","0","3","","","","","","137897320","5.54451","7.19683","0","0","451","thing","Agent Avenue: Ceasefire Promo Card","2","2","20","20","10","2024","","","","","","","","","","expansion","","","","","","","","","","","","Nerdlab Games","German","2024","German edition"
"Artengarten","441696","0","0","0","1","0","0","0","0","0","0","0","3","","","","","","138561029","6.15616","7.66774","2.8028","2349","2317","thing","Sanctuary","1","5","100","100","40","2025","1,2,3,4","2,3","10+","Moderate in-game text - needs crib sheet or paste ups","","","","","","standalone","","","","","","","","","","","","Feuerland Spiele","German","2025","German edition"
"Bable","404846","0","0","0","1","0","0","0","0","0","0","0","3","","","","","","127124884","5.61425","7.0164","2.1429","8510","406","thing","Bable","2","5","45","45","20","2024","2,3,4,5","3,4","10","","","","","","","standalone","","","","","","","","","","","","Wulfhorn Games","Dutch; English","2024","Dutch/English edition"
"BANG!","3955","0","0","0","1","0","0","0","0","0","0","0","3","","","","","","113543365","6.32027","6.48671","1.6332","1768","45317","thing","BANG!","4","7","40","40","20","2005","5,6,7","7","10+","Some necessary text - easily memorized or small crib sheet","","","","","","standalone","","","","","","","","","","","","ABACUSSPIELE; DV Games","German","2005","ABACUSSPIELE German edition 2005"
"BANG! The Dice Game","143741","0","0","0","1","0","0","0","0","0","0","0","3","","","","","","113543373","6.72509","6.88103","1.2799","851","42133","thing","BANG! The Dice Game","3","8","15","15","15","2013","5,6,7,8","6,7","8+","Some necessary text - easily memorized or small crib sheet","","","","","","standalone","","","","","","","","","","","","ABACUSSPIELE; DV Games","German","2013","German edition"
"Betrayal at House on the Hill","10547","0","0","0","1","0","0","0","0","0","0","0","3","","","","","","113543325","6.79273","7.01335","2.3991","750","84674","thing","Betrayal at House on the Hill","3","6","60","60","60","2019","3,4,5,6","5,6","12+","Extensive use of text - massive conversion needed to be playable","","","","","","standalone","","","","","","","","","","","","asmodee","German","2019","German second edition"
"Black Rose Wars: Rebirth","342444","0","0","0","1","0","0","0","0","0","0","0","3","","","","","","132333983","6.64553","8.41764","3.7209","1001","4822","thing","Black Rose Wars: Rebirth","1","4","240","240","90","2024","2,3,4","4","12+","Extensive use of text - massive conversion needed to be playable","","","","","","standalone","","","","","","","","","","","","Ludus Magnus Studio; Pegasus Spiele","German","2024","German edition"
"Boss Fighters QR","454672","0","0","0","1","0","0","0","0","0","0","0","3","","","","","","137788052","5.8738","8.11129","2.16","3978","1124","thing","Boss Fighters QR","2","4","60","60","40","2025","2,3,4","3","10+","Extensive use of text - massive conversion needed to be playable","","","","","","standalone","","","","","","","","","","","","Pegasus Spiele","German","2025","German edition"
"Bubble Stories","341178","0","0","0","0","0","0","0","0","1","0","0","3","","","","","","138289050","5.54958","6.60108","1","12974","295","thing","Bubble Stories","1","2","10","10","10","2021","1,2","2","3–5","","","","","","","standalone","","","","","","","","","","","","","","",""
"Carabande","150","0","0","0","1","0","0","0","0","0","0","0","3","","","","","","113543348","6.97015","7.27254","1.1228","525","12725","thing","PitchCar","2","8","30","30","30","1996","2,3,4,5,6,7,8","5,6","5+","No necessary in-game text","","","","","","standalone","","","","","","","","","","","","Goldsieber Spiele","Dutch; English; French; Italian; Spanish","1996","Goldsieber multilingual edition"
"Carabande Action Set","1526","0","0","0","1","0","0","0","0","0","0","0","3","","","","","","113543353","6.45549","7.60344","1.0874","0","4335","thing","PitchCar: Extension 1","2","8","20","20","20","1997","2,3,4,5,6,7,8","5,6,7,8","5+","No necessary in-game text","","","","","","expansion","","","","","","","","","","","","","","",""
"Carcassonne Big Box 6","230914","0","0","0","1","0","0","0","0","0","0","0","3","","","","","","122326868","7.13952","8.06374","1.9556","0","14549","thing","Carcassonne Big Box 6","2","6","35","35","35","2017","2,3,4,5,6","2","6+","No necessary in-game text","","","","","","standalone","","","","","","","","","","","","Hans im Glück","German","2017","German edition"
"The Castles of Burgundy","271320","0","0","0","1","0","0","0","0","0","0","0","3","","","","","","117121489","7.98962","8.44872","2.9188","0","28359","thing","The Castles of Burgundy","1","4","120","120","70","2019","1,2,3,4","2","12+","No necessary in-game text","","","","","","standalone","","","","","","","","","","","","alea; Ravensburger","English; French; German","2019","English/French/German edition"
"Champions!","391565","0","0","0","1","0","0","0","0","0","0","0","3","","","","","","113543284","5.56643","5.99864","1","11334","675","thing","Champions!","3","8","45","45","30","2023","3,4,5,6,7,8","5,7","10+","","","","","","","standalone","","","","","","","","","","","","Repos Production","German","2023","German edition"
"Chip Theory Games: Promo Pack 2022","383414","0","0","0","1","0","0","0","0","0","0","0","3","","","","","","127124747","0","8.6087","0","0","356","thing","Chip Theory Games: Promo Pack 2022","0","0","0","0","0","2022","","","","","","","","","","expansion","","","","","","","","","","","","","","",""
"Claim","233961","0","0","0","1","0","0","0","0","0","0","0","3","","","","","","122326827","6.46354","6.90523","1.6439","1378","12447","thing","Claim","2","2","25","25","25","2017","2","2","8+","No necessary in-game text","","","","","","standalone","","","","","","","","","","","","","","",""
"Codenames","178900","0","0","0","1","0","0","0","0","0","0","0","3","","Mini","","","","127124826","7.4333","7.52904","1.2568","159","173284","thing","Codenames","2","8","15","15","15","2023","4,5,6,7,8","6,8","10+","Unplayable in another language","","","","","","standalone","","","","","","","","","","","","Czech Games Edition","English","2023","English demo edition"
"Colt Express","158899","0","0","0","1","0","0","0","0","0","0","0","3","","","","","","113543281","6.95301","7.09686","1.8344","546","50119","thing","Colt Express","2","6","40","40","40","2015","3,4,5,6","5,6","8+","No necessary in-game text","","","","","","standalone","","","","","","","","","","","","asmodee; Ludonaute","German","2015","German edition 2015"
"Cosmic Encounter","39463","0","0","0","0","0","0","0","0","0","0","1","3","","","","","","132334002","7.31793","7.50979","2.581","222","43041","thing","Cosmic Encounter","3","5","120","120","60","2008","4,5","5","12+","Extensive use of text - massive conversion needed to be playable","","","","","","standalone","","","","","","","","","","","","","","",""
"Crokinole","521","0","0","0","1","0","0","0","0","0","0","0","3","","","","","","132334038","7.79289","8.06019","1.2224","46","19684","thing","Crokinole","2","4","30","30","30","1876","2,4","2,4","6+","No necessary in-game text","","","","","","standalone","","","","","","","","","","","","","","",""
"Dice Throne: Season One ReRolled – Barbar v. Mondelfe","322561","0","0","0","1","0","0","0","0","0","0","0","3","","","","","","127124868","6.24266","7.53268","2","2016","4615","thing","Dice Throne: Season One Rerolled – Battle 1:  Barbarian v. Moon Elf","2","2","40","40","20","2021","2","2","8+","Unplayable in another language","","","","","","standalone","","","","","","","","","","","","Grimspire","German","2021","German edition"
"Dice Throne: Season One ReRolled – Pyromantin v. Schattendieb","322563","0","0","0","1","0","0","0","0","0","0","0","3","","","","","","128765799","6.16283","7.71877","1.875","2322","3919","thing","Dice Throne: Season One ReRolled – Pyromancer v. Shadow Thief","2","2","40","40","20","2021","2","2","8+","Moderate in-game text - needs crib sheet or paste ups","","","","","","standalone","","","","","","","","","","","","Grimspire","German","2021","German edition"
"Dice Throne: Season Two – Verfluchte Piratin v. Tüftler","266967","0","0","0","1","0","0","0","0","0","0","0","3","","","","","","128892078","6.29461","7.80337","2.625","1841","4217","thing","Dice Throne: Season Two – Cursed Pirate v. Artificer","2","2","40","40","20","2021","2","2","8+","Unplayable in another language","","","","","","standalone","","","","","","","","","","","","Grimspire","German","2021","German edition"
"Die Quacksalber von Quedlinburg","244521","0","0","0","1","0","0","0","0","0","0","0","3","","","","","","127124873","7.66856","7.80588","1.9424","75","89944","thing","Quacks","2","4","45","45","45","2018","2,3,4","4","8+","Moderate in-game text - needs crib sheet or paste ups","","","","","","standalone","","","","","","","","","","","","Schmidt Spiele","German","2018","German second edition"
"Disney Lorcana: Der Einstieg","423689","0","0","0","1","0","0","0","0","0","0","0","3","","","","","","127125211","5.67074","7.32611","2.2","6794","1656","thing","Disney Lorcana: Gateway","2","2","60","60","30","2024","2","2","8+","Extensive use of text - massive conversion needed to be playable","","","","","","standalone","","","","","","","","","","","","Ravensburger","German","2024","German edition"
"Dobble: Disney Edition","382419","0","0","0","1","0","0","0","0","0","0","0","3","","","","","","130835847","5.62681","7.03194","1","8020","1125","thing","Spot it! Disney 100 Years of Wonder","2","8","15","15","15","2024","2,3,4,5,6,7,8","4,5","6+","No necessary in-game text","","","","","","standalone","","","","","","","","","","","","Zygomatic","Dutch; French; German; Italian","2024","German/Italian/French/Dutch edition 2024"
"Dorfromantik: Das Brettspiel","370591","0","0","0","1","0","0","0","0","0","0","0","3","","","","","","113543297","7.15748","7.60631","1.6434","335","21868","thing","Dorfromantik: The Board Game","1","6","60","60","30","2023","1,2,3","1,2","6+","Some necessary text - easily memorized or small crib sheet","","","","","","standalone","","","","","","","","","","","","Pegasus Spiele","German","2023","German edition, second printing"
"Dorfromantik: The Board Game – Great Mill","396302","0","0","0","1","0","0","0","0","0","0","0","3","","","","","","113543549","5.60734","7.71971","3","0","1700","thing","Dorfromantik: The Board Game – Great Mill","1","6","60","60","30","2023","1,2","1,2","6+","","","","","","","expansion","","","","","","","","","","","","","","",""
"Die Drachenbändiger von Zavandor","26134","0","0","0","1","0","0","0","0","0","0","0","3","","","","","","137897890","5.48713","5.04921","1.125","27261","189","thing","Die Drachenbändiger von Zavandor","2","6","30","30","30","2006","3,4,5","3","","No necessary in-game text","","","","","","standalone","","","","","","","","","","","","Lookout Games","German","2006","German edition"
"Duell um Cardia","447243","0","0","0","1","0","0","0","0","0","0","0","3","","","","","","137887700","6.38603","7.55744","1.7708","1585","4024","thing","Duel for Cardia","2","2","15","15","15","2025","2","2","10+","Moderate in-game text - needs crib sheet or paste ups","","","","","","standalone","","","","","","","","","","","","Hans im Glück","German","2025","German edition"
"Duell um Cardia Promo Karte: Zeremonie","451441","0","0","0","1","0","0","0","0","0","0","0","3","","","","","","137887727","0","7.47222","0","0","336","thing","Duel for Cardia: Ceremonia Promo Card","2","2","15","15","15","2025","","","","","","","","","","expansion","","","","","","","","","","","","Hans im Glück","German","2025","German edition"
"Earthborne Rangers","342900","0","0","0","1","0","0","0","0","0","0","0","3","","","","","","124583819","6.9166","8.11027","3.4731","592","9578","thing","Earthborne Rangers","1","4","240","240","60","2024","1,2,3","2","12+","Unplayable in another language","","","","","","standalone","","","","","","","","","","","","Frosted Games","German","2024","German second edition"
"Endangered","220133","0","0","0","1","0","0","0","0","0","0","0","3","","","","","","137897160","6.34397","7.40918","2.5333","1700","4217","thing","Endangered","1","5","90","90","60","2024","1,2,3,4,5","3","10+","Moderate in-game text - needs crib sheet or paste ups","","","","","","standalone","","","","","","","","","","","","Grand Gamers Guild","German","2024","German edition"
"Erde","350184","0","0","0","1","0","0","0","0","0","0","0","3","","","","","","136447071","7.35585","7.62775","2.903","203","32425","thing","Earth","1","5","90","90","45","2023","1,2,3,4","2,3","12+","Moderate in-game text - needs crib sheet or paste ups","","","","","","standalone","","","","","","","","","","","","Skellig Games","German","2023","German edition"
"Everdell","199792","0","0","0","1","0","0","0","0","0","0","0","3","","","","","","127121726","7.8173","7.99187","2.8267","41","99549","thing","Everdell","1","4","80","80","40","2021","1,2,3,4","3","10+","Extensive use of text - massive conversion needed to be playable","","","","","","standalone","","","","","","","","","","","","Pegasus Spiele","German","2021","Pegasus German edition"
"EXIT: Das Spiel – Die vergessene Insel","215841","0","0","0","0","0","0","0","0","1","0","0","3","","","","","","138135712","6.35883","6.87278","2.6182","1651","7629","thing","EXIT: The Game – The Forgotten Island","1","4","90","90","45","2017","1,2,3","2","12+","Unplayable in another language","","","","","","standalone","","","","","","","","","","","","KOSMOS","German","2017","German second edition"
"Falsche Schlangen","451310","0","0","0","1","0","0","0","0","0","0","0","3","","","","","","137728973","5.5581","6.69196","1.3333","12078","302","thing","Snake Charmers","3","6","20","20","15","2025","3,4,5,6","4,5,6","8+","","","","","","","standalone","","","","","","","","","","","","Edition Spielwiese","German","2025","German edition"
"Fantastische Reiche","223040","0","0","0","1","0","0","0","0","0","0","0","3","","","","","","122326845","7.24375","7.50618","1.8071","266","27988","thing","Fantasy Realms","2","6","20","20","20","2023","2,3,4,5","2,3","10+","Moderate in-game text - needs crib sheet or paste ups","","","","","","standalone","","","","","","","","","","","","Strohmann Games; WizKids (I)","German","2023","German edition 2023"
"Fantastische Reiche: Hofnarr","232120","0","0","0","1","0","0","0","0","0","0","0","3","","","","","","130835881","5.65325","7.25044","2","0","1274","thing","Fantasy Realms: Jester Promo Card","2","7","20","0","20","2020","1,2,3,4,5","2,3","","","","","","","","expansion","","","","","","","","","","","","Strohmann Games","German","2020","German edition"
"Fantastische Reiche: Phönix","347476","0","0","0","1","0","0","0","0","0","0","0","3","","","","","","130835890","5.57454","7.575","1","0","712","thing","Fantasy Realms: Phoenix Promo Card","3","6","20","0","20","2022","","","","","","","","","","expansion","","","","","","","","","","","","Strohmann Games","German","2022","German edition"
"Fantasy Realms: The Cursed Hoard","315200","0","0","0","1","0","0","0","0","0","0","0","3","","","","","","122326849","6.19007","7.19238","1.9167","0","6687","thing","Fantasy Realms: The Cursed Hoard","3","6","30","30","20","2021","2,3,4,5","3,4","10+","Extensive use of text - massive conversion needed to be playable","","","","","","expansion","","","","","","","","","","","","","","",""
"Faraway","385761","0","0","0","1","0","0","0","0","0","0","0","3","","","","","","127124854","7.24698","7.55335","1.9089","265","27091","thing","Faraway","2","6","30","30","15","2023","2,3,4,5","3","10+","No necessary in-game text","","","","","","standalone","","","","","","","","","","","","","","",""
"Flick Force","430460","0","0","0","1","0","0","0","0","0","0","0","3","","","","","","127125227","0","0","0","0","5","thing","Flick Force","2","4","20","20","5","2024","","","","","","","","","","standalone","","","","","","","","","","","","","","",""
"FlickFleet","248878","0","0","0","1","0","0","0","0","0","0","0","3","","","","","","113543277","5.7175","8.00124","1.75","5822","621","thing","FlickFleet","2","2","30","30","10","2019","2","2","8+","No necessary in-game text","","","","","","standalone","","","","","","","","","","","","","","",""
"Flip 7","420087","0","0","0","1","0","0","0","0","0","0","0","3","","","","","","138220308","6.91045","7.2075","1.0403","603","30601","thing","Flip 7","3","18","20","20","20","2025","3,4,5,6,7,8,9","5,6","6+","Some necessary text - easily memorized or small crib sheet","","","","","","standalone","","","","","","","","","","","","KOSMOS; The Op Games","German","2025","German edition"
"Flügelschlag","266192","0","0","0","1","0","0","0","0","0","0","0","3","","","","","","113543269","7.85539","8.00718","2.475","38","171318","thing","Wingspan","1","5","70","70","40","2019","1,2,3,4","3","10+","Extensive use of text - massive conversion needed to be playable","","","","","","standalone","","","","","","","","","","","","","","",""
"Fun Facts","370164","0","0","0","1","0","0","0","0","0","0","0","3","","","","","","122326800","6.35486","7.04125","1.0357","1664","5273","thing","Fun Facts","4","8","30","30","30","2022","4,5,6,7,8","6,7,8","8+","Extensive use of text - massive conversion needed to be playable","","","","","","standalone","","","","","","","","","","","","","","",""
"Ganz Schön Clever","244522","0","0","0","1","0","0","0","0","0","0","0","3","","","","","","122326864","7.36688","7.55646","1.8562","196","44892","thing","That's Pretty Clever!","1","4","30","30","30","2018","1,2,3,4","2","8+","No necessary in-game text","","","","","","standalone","","","","","","","","","","","","","","",""
"Gloomhaven: Die Pranken des Löwen","291457","0","0","0","1","0","0","0","0","0","0","0","3","","","","","","114449819","8.11069","8.37511","3.6329","12","85529","thing","Gloomhaven: Jaws of the Lion","1","4","120","120","30","2020","1,2,3,4","2","12+","Extensive use of text - massive conversion needed to be playable","","","","","","standalone","","","","","","","","","","","","","","",""
"Gloomhaven: Knöpfe und Krabbler","393672","0","0","0","1","0","0","0","0","0","0","0","3","","","","","","127124660","6.66252","7.54628","3.2936","959","15071","thing","Gloomhaven: Buttons & Bugs","1","1","20","20","20","2024","1","1","14+","Extensive use of text - massive conversion needed to be playable","","","","","","standalone","","","","","","","","","","","","Feuerland Spiele","German","2024","German edition"
"Great Western Trail: Argentinien","364011","0","0","0","1","0","0","0","0","0","0","0","3","","","","","","137897147","7.35418","8.2317","3.9179","205","9104","thing","Great Western Trail: Argentina","1","4","150","150","75","2022","1,2,3,4","3","12+","No necessary in-game text","","","","","","standalone","","","","","","","","","","","","eggertspiele","German","2022","German edition"
"Heat","366013","0","0","0","1","0","0","0","0","0","0","0","3","","","","","","124583856","7.79355","8.0061","2.2006","45","53941","thing","Heat: Pedal to the Metal","1","6","60","60","30","2024","1,2,3,4,5,6","5,6","8+","No necessary in-game text","","","","","","standalone","","","","","","","","","","","","Days of Wonder","German","2024","German edition 2024"
"Heckmeck am Bratwurmeck","15818","0","0","0","1","0","0","0","0","0","0","0","3","","","","","","127121800","6.39807","6.59984","1.1517","1555","21857","thing","Pickomino","2","7","20","20","20","2014","2,3,4,5,6","3,4","6+","No necessary in-game text","","","","","","standalone","","","","","","","","","","","","Zoch Verlag","English; French; German; Italian","2014","Zoch Verlag multilingual edition"
"Helden müssen draußen bleiben!","333255","0","0","0","1","0","0","0","0","0","0","0","3","","","","","","113543335","7.10898","7.9208","2.5025","376","11591","thing","Keep the Heroes Out!","1","4","40","40","40","2022","1,2,3","2","8+","No necessary in-game text","","","","","","standalone","","","","","","","","","","","","","","",""
"Der Herr der Ringe: Duell um Mittelerde","421006","0","0","0","1","0","0","0","0","0","0","0","3","","","","","","132717782","7.91843","8.35908","2.064","29","32814","thing","The Lord of the Rings: Duel for Middle-earth","2","2","30","30","30","2024","2","2","10+","No necessary in-game text","","","","","","standalone","","","","","","","","","","","","Repos Production","German","2024","German edition"
"Hitster","318243","0","0","0","1","0","0","0","0","0","0","0","3","","","","","","113543609","6.96104","7.5708","1.008","537","12123","thing","Hitster","2","10","30","30","30","2022","2,3,4,5,6,7,8,9,10","4,6","14+","No necessary in-game text","","","","","","standalone","","","","","","","","","","","","","","",""
"Im Wandel der Zeitalter: Ein neue Geschichte der Zivilisation","182028","0","0","0","1","0","0","0","0","0","0","0","3","","","","","","122326944","8.02288","8.25471","4.4403","16","39451","thing","Through the Ages: A New Story of Civilization","2","4","120","120","120","2015","2,3,4","3","14+","Extensive use of text - massive conversion needed to be playable","","","","","","standalone","","","","","","","","","","","","","","",""
"Imperium: Classics","318184","0","0","0","1","0","0","0","0","0","0","0","3","","","","","","132430692","7.15403","7.68437","3.6098","337","16670","thing","Imperium: Classics","1","4","160","160","40","2021","1,2","1,2","14+","Extensive use of text - massive conversion needed to be playable","","","","","","standalone","","","","","","","","","","","","Osprey Games","English","2021","English edition"
"Imperium: Horizons","367518","0","0","0","0","0","0","0","0","0","0","0","4","","","","","","131691711","6.63868","8.52719","4","1010","4808","thing","Imperium: Horizons","1","4","160","160","40","2024","1,2,3","1,2","14+","Extensive use of text - massive conversion needed to be playable","","","","","","standalone","","","","","","","","","","","","","","",""
"Imperium: Legends","318182","0","0","0","1","0","0","0","0","0","0","0","3","","","","","","135338530","7.02189","7.84659","3.7563","466","12571","thing","Imperium: Legends","1","4","160","160","40","2021","1,2","1,2","14+","Extensive use of text - massive conversion needed to be playable","","","","","","standalone","","","","","","","","","","","","Osprey Games","English","2021","English edition"
"Innovation","63888","0","0","0","1","0","0","0","0","0","0","0","3","","","","","","133863953","7.10355","7.31577","2.7741","385","25736","thing","Innovation","2","5","60","60","20","2025","2,3","2","12+","Extensive use of text - massive conversion needed to be playable","","","","","","standalone","","","","","","","","","","","","Asmadi Games","English","2025","English fourth edition"
"Keep the Heroes Out!: The Great Dreamer Expansion","351549","0","0","0","1","0","0","0","0","0","0","0","3","","","","","","113543341","5.95656","8.26174","2.5714","0","4141","thing","Keep the Heroes Out!: The Great Dreamer Expansion","1","4","40","40","40","2022","1,2,3","2","8+","No necessary in-game text","","","","","","expansion","","","","","","","","","","","","","","",""
"Keep the Heroes Out!: Year of the Dragon Pack","432729","0","0","0","1","0","0","0","0","0","0","0","3","","","","","","137897534","0","8.90625","2","0","236","thing","Keep the Heroes Out!: Year of the Dragon Pack","1","4","0","0","0","2024","1,2,3","2","8+","","","","","","","expansion","","","","","","","","","","","","Brueh Games Inc.","(neutral)","2024","First edition"
"Kinfire Delve: Vainglory's Grotto","391795","0","0","0","0","0","0","0","0","0","0","1","3","German","","","","","124583802","6.44376","7.88619","2.1707","1440","4660","thing","Kinfire Delve: Vainglory's Grotto","1","2","60","60","60","2023","1,2","1,2","12+","Extensive use of text - massive conversion needed to be playable","","","","","","standalone","","","","","","","","","","","","","","",""
"Kingdom Legacy: Feudal Kingdom","415776","0","0","0","0","0","0","0","0","0","0","0","4","","","","","","127626593","6.76772","8.15345","2.2597","784","6449","thing","Kingdom Legacy: Feudal Kingdom","1","1","480","480","360","2024","1","1","12+","Extensive use of text - massive conversion needed to be playable","","","","","","standalone","","","","","","","","","","","","","","",""
"Krakel Orakel","419639","0","0","0","1","0","0","0","0","0","0","0","3","","","","","","127124845","5.90835","7.25336","1.1111","3718","1173","thing","Krakel Orakel","2","8","30","30","30","2024","2,3,4,5,6,7,8","4,5,6","6+","Moderate in-game text - needs crib sheet or paste ups","","","","","","standalone","","","","","","","","","","","","","","",""
"Krakel-Orakel: Promokarten","454176","0","0","0","1","0","0","0","0","0","0","0","3","","","","","","137897338","0","8.875","0","0","121","thing","Krakel-Orakel: Promokarten","2","8","30","0","30","2025","","","","","","","","","","expansion","","","","","","","","","","","","frechverlag","German","2025","German edition"
"MANTIS","358690","0","0","0","1","0","0","0","0","0","0","0","3","","","","","","137728978","6.03458","6.64267","1.0517","2917","6892","thing","MANTIS","2","6","10","10","10","2023","2,3,4,5,6","4,5","6+","No necessary in-game text","","","","","","standalone","","","","","","","","","","","","Exploding Kittens","German","2023","German edition"
"Marvel Champions: Das Kartenspiel","285774","0","0","0","1","0","0","0","0","0","0","0","3","","","","","","122326674","7.78977","8.10862","2.9515","47","46246","thing","Marvel Champions: The Card Game","1","4","90","90","45","2021","1,2,3","1,2","12+","Extensive use of text - massive conversion needed to be playable","","","","","","standalone","","30","EUR","","","","MediaMarkt Fundgrube","","","","","Fantasy Flight Games","German","2021","German edition"
"Marvel Champions: Das Kartenspiel – Age of Apocalypse","405724","0","0","0","1","0","0","0","0","0","0","0","3","","","","","","130972567","5.87229","8.60396","3.3333","0","3814","thing","Marvel Champions: The Card Game – Age of Apocalypse","1","4","90","90","45","2024","1,2,3,4","1,2","14+","","","","","","","expansion","","","","","","","","","","","","Fantasy Flight Games","German","2024","German edition"
"Marvel Champions: Das Kartenspiel – Mutant Genesis","363709","0","0","0","1","0","0","0","0","0","0","0","3","","","","","","130035198","6.25217","8.60814","3.1667","0","6922","thing","Marvel Champions: The Card Game – Mutant Genesis","1","4","90","90","45","2022","1,2,3","1,2","12+","","","","","","","expansion","","","","","","","","","","","","Fantasy Flight Games","German","2022","German edition"
"Marvel Champions: The Card Game – Angel Hero Pack","388330","0","0","0","1","0","0","0","0","0","0","0","3","","","","","","129474524","5.8033","8.32104","3","0","3736","thing","Marvel Champions: The Card Game – Angel Hero Pack","1","4","60","60","60","2023","1,2,3","2","","Extensive use of text - massive conversion needed to be playable","","","","","","expansion","","","","","","","","","","","","","","",""
"Marvel Champions: The Card Game – Ant-Man Hero Pack","315981","0","0","0","1","0","0","0","0","0","0","0","3","","","","","","130035205","6.47418","8.33862","2.7143","0","9796","thing","Marvel Champions: The Card Game – Ant-Man Hero Pack","1","4","90","90","45","2020","1,2,3,4","1,2","12+","Extensive use of text - massive conversion needed to be playable","","","","","","expansion","","","","","","","","","","","","","","",""
"Marvel Champions: The Card Game – Black Widow Hero Pack","299049","0","0","0","1","0","0","0","0","0","0","0","3","","","","","","125233444","6.50958","8.08396","2.8571","0","11539","thing","Marvel Champions: The Card Game – Black Widow Hero Pack","1","4","90","90","45","2020","1,2,3","2","12+","Extensive use of text - massive conversion needed to be playable","","","","","","expansion","","","","","","","","","","","","","","",""
"Marvel Champions: The Card Game – Captain America Hero Pack","289222","0","0","0","1","0","0","0","0","0","0","0","3","","","","","","125233446","6.8616","8.42548","2.4167","0","13283","thing","Marvel Champions: The Card Game – Captain America Hero Pack","1","4","90","90","45","2019","1,2,3","1,2","12+","Extensive use of text - massive conversion needed to be playable","","","","","","expansion","","","","","","","","","","","","","","",""
"Marvel Champions: The Card Game – Deadpool Hero Pack","398039","0","0","0","1","0","0","0","0","0","0","0","3","","","","","","122326686","5.83057","8.17533","3","0","4366","thing","Marvel Champions: The Card Game – Deadpool Hero Pack","1","4","45","45","45","2023","1,2,3,4","1,3","","","","","","","","expansion","","","","","","","","","","","","","","",""
"Marvel Champions: The Card Game – Doctor Strange Hero Pack","300878","0","0","0","1","0","0","0","0","0","0","0","3","","","","","","125233443","6.80613","8.49311","2.8571","0","12154","thing","Marvel Champions: The Card Game – Doctor Strange Hero Pack","1","4","90","90","45","2020","1,2,3","1,2","12+","Extensive use of text - massive conversion needed to be playable","","","","","","expansion","","","","","","","","","","","","","","",""
"Marvel Champions: The Card Game – Ironheart Hero Pack","357957","0","0","0","1","0","0","0","0","0","0","0","3","","","","","","129841182","6.02276","8.40874","2.8","0","5390","thing","Marvel Champions: The Card Game – Ironheart Hero Pack","1","4","90","90","45","2022","1,2,3","1,2","12+","Unplayable in another language","","","","","","expansion","","","","","","","","","","","","","","",""
"Marvel Champions: The Card Game – MojoMania Scenario Pack","368736","0","0","0","1","0","0","0","0","0","0","0","3","","","","","","125233407","6.00914","8.48785","3","0","5071","thing","Marvel Champions: The Card Game – MojoMania Scenario Pack","1","4","90","90","45","2022","1,2,3","1,2","","","","","","","","expansion","","","","","","","","","","","","","","",""
"Marvel Champions: The Card Game – Nebula Hero Pack","340900","0","0","0","1","0","0","0","0","0","0","0","3","","","","","","129841171","5.9694","7.87883","3","0","6446","thing","Marvel Champions: The Card Game – Nebula Hero Pack","1","4","90","90","45","2021","1,2,3,4","1,2","12+","Unplayable in another language","","","","","","expansion","","","","","","","","","","","","","","",""
"Marvel Champions: The Card Game – NeXt Evolution","383818","0","0","0","1","0","0","0","0","0","0","0","3","","","","","","125233398","6.02126","8.63488","3.3333","0","5061","thing","Marvel Champions: The Card Game – NeXt Evolution","1","4","90","90","45","2023","1,2,3","1,2","14+","Extensive use of text - massive conversion needed to be playable","","","","","","expansion","","","","","","","","","","","","","","",""
"Marvel Champions: The Card Game – Nova Hero Pack","356075","0","0","0","1","0","0","0","0","0","0","0","3","","","","","","130035242","5.92091","8.0809","2.8333","0","5204","thing","Marvel Champions: The Card Game – Nova Hero Pack","1","4","90","90","45","2022","1,2,3,4","2","10+","Unplayable in another language","","","","","","expansion","","","","","","","","","","","","","","",""
"Marvel Champions: The Card Game – Quicksilver Hero Pack","316694","0","0","0","1","0","0","0","0","0","0","0","3","","","","","","130035214","6.37246","8.35197","3","0","9067","thing","Marvel Champions: The Card Game – Quicksilver Hero Pack","1","4","90","90","45","2021","1,2,3,4","1,2","12+","Extensive use of text - massive conversion needed to be playable","","","","","","expansion","","","","","","","","","","","","","","",""
"Marvel Champions: The Card Game – Scarlet Witch Hero Pack","316695","0","0","0","1","0","0","0","0","0","0","0","3","","","","","","125233427","6.42237","8.33223","3","0","9813","thing","Marvel Champions: The Card Game – Scarlet Witch Hero Pack","1","4","90","90","45","2021","1,2,3","1,2","12+","Extensive use of text - massive conversion needed to be playable","","","","","","expansion","","","","","","","","","","","","","","",""
"Marvel Champions: The Card Game – Sinister Motives","347813","0","0","0","1","0","0","0","0","0","0","0","3","","","","","","125233414","6.45576","8.66854","2.8421","0","8601","thing","Marvel Champions: The Card Game – Sinister Motives","1","4","90","90","45","2022","1,2,3","1,2","12+","Extensive use of text - massive conversion needed to be playable","","","","","","expansion","","","","","","","","","","","","","","",""
"Marvel Champions: The Card Game – SP//dr Hero Pack","361485","0","0","0","1","0","0","0","0","0","0","0","3","","","","","","130035232","5.96027","8.29459","3.2","0","5175","thing","Marvel Champions: The Card Game – SP//dr Hero Pack","1","4","90","90","45","2022","1,2,3,4","1,2","12+","Extensive use of text - massive conversion needed to be playable","","","","","","expansion","","","","","","","","","","","","","","",""
"Marvel Champions: The Card Game – Spider-Ham Hero Pack","360060","0","0","0","1","0","0","0","0","0","0","0","3","","","","","","130035235","5.94883","8.14233","3","0","5285","thing","Marvel Champions: The Card Game – Spider-Ham Hero Pack","1","4","90","90","45","2022","1,2,3,4","1,2","12+","Extensive use of text - massive conversion needed to be playable","","","","","","expansion","","","","","","","","","","","","","","",""
"Marvel Champions: The Card Game – Storm Hero Pack","370237","0","0","0","1","0","0","0","0","0","0","0","3","","","","","","130035245","5.97899","8.37764","3","0","5207","thing","Marvel Champions: The Card Game – Storm Hero Pack","1","4","90","90","45","2022","1,2,3","1,2","12+","","","","","","","expansion","","","","","","","","","","","","","","",""
"Marvel Champions: The Card Game – The Galaxy's Most Wanted","315896","0","0","0","1","0","0","0","0","0","0","0","3","","","","","","125233434","6.29595","7.77092","3.6923","0","10383","thing","Marvel Champions: The Card Game – The Galaxy's Most Wanted","1","4","90","90","45","2021","1,2,3","2","12+","Unplayable in another language","","","","","","expansion","","","","","","","","","","","","","","",""
"Marvel Champions: The Card Game – The Green Goblin Scenario Pack","288794","0","0","0","1","0","0","0","0","0","0","0","3","","","","","","125233449","6.71957","8.33793","2.8889","0","12935","thing","Marvel Champions: The Card Game – The Green Goblin Scenario Pack","1","4","90","90","45","2019","1,2,3,4","1,2","12+","Extensive use of text - massive conversion needed to be playable","","","","","","expansion","","","","","","","","","","","","","","",""
"Marvel Champions: The Card Game – The Mad Titan's Shadow","339711","0","0","0","1","0","0","0","0","0","0","0","3","","","","","","125233421","6.45685","8.52912","3.1765","0","9546","thing","Marvel Champions: The Card Game – The Mad Titan's Shadow","1","4","90","90","45","2021","1,2,3","1,2","12+","Unplayable in another language","","","","","","expansion","","","","","","","","","","","","","","",""
"Marvel Champions: The Card Game – The Rise of Red Skull","306430","0","0","0","1","0","0","0","0","0","0","0","3","","","","","","125233438","6.90364","8.38758","2.7667","0","14274","thing","Marvel Champions: The Card Game – The Rise of Red Skull","1","4","90","90","45","2020","1,2,3","1,2","12+","Extensive use of text - massive conversion needed to be playable","","","","","","expansion","","","","","","","","","","","","","","",""
"Marvel Champions: The Card Game – Valkyrie Hero Pack","345587","0","0","0","1","0","0","0","0","0","0","0","3","","","","","","129841191","5.81979","7.35328","3","0","5581","thing","Marvel Champions: The Card Game – Valkyrie Hero Pack","1","4","90","90","45","2021","1,2,3","1,2","12+","Unplayable in another language","","","","","","expansion","","","","","","","","","","","","","","",""
"Marvel Champions: The Card Game – War Machine Hero Pack","342671","0","0","0","1","0","0","0","0","0","0","0","3","","","","","","130035225","6.03701","8.07956","2.6","0","6051","thing","Marvel Champions: The Card Game – War Machine Hero Pack","1","4","90","90","45","2021","1,2,3,4","1,2","12+","Unplayable in another language","","","","","","expansion","","","","","","","","","","","","","","",""
"Marvel Champions: The Card Game – Wasp Hero Pack","316696","0","0","0","1","0","0","0","0","0","0","0","3","","","","","","130035221","6.1396","7.85858","3","0","8506","thing","Marvel Champions: The Card Game – Wasp Hero Pack","1","4","90","90","45","2021","1,2,3,4","1,2","12+","Extensive use of text - massive conversion needed to be playable","","","","","","expansion","","","","","","","","","","","","","","",""
"Marvel Champions: The Card Game – Wolverine Hero Pack","369039","0","0","0","1","0","0","0","0","0","0","0","3","","","","","","125233403","6.19203","8.6091","1.8571","0","6298","thing","Marvel Champions: The Card Game – Wolverine Hero Pack","1","4","90","90","45","2022","1,2,3","1,2","12+","Extensive use of text - massive conversion needed to be playable","","","","","","expansion","","","","","","","","","","","","","","",""
"Medium","242529","0","0","0","1","0","0","0","0","0","0","0","3","","","","","","127124700","6.1843","6.86384","1.0938","2249","5233","thing","Medium","2","8","45","45","30","2024","3,4,5,6","4","10+","Extensive use of text - massive conversion needed to be playable","","","","","","standalone","","","","","","","","","","","","Perdix Spiele","German","2024","German edition"
"Medium: Mentale Kraft","340479","0","0","0","1","0","0","0","0","0","0","0","3","","","","","","137897436","0","9","0","0","36","thing","Medium: Telepathic Tantrum Promo Cards","2","8","45","45","30","2025","","","","","","","","","","expansion","","","","","","","","","","","","Perdix Spiele","German","2025","German edition"
"MicroMacro: Crime City","318977","0","0","0","1","0","0","0","0","0","0","0","3","","","","","","113543613","7.2211","7.46012","1.1003","282","37029","thing","MicroMacro: Crime City","1","4","45","45","15","2020","1,2,3","2","8+","Moderate in-game text - needs crib sheet or paste ups","","","","","","standalone","","","","","","","","","","","","","","",""
"MicroMacro: Crime City – All In","364766","0","0","0","1","0","0","0","0","0","0","0","3","","","","","","113543627","6.41447","7.82361","1.0833","1507","6919","thing","MicroMacro: Crime City – All In","1","4","45","45","15","2022","1,2,3","1,2","8+","Moderate in-game text - needs crib sheet or paste ups","","","","","","standalone","","","","","","","","","","","","","","",""
"MicroMacro: Crime City – Bonus Box","400114","0","0","0","1","0","0","0","0","0","0","0","3","","","","","","114085864","5.70878","8.06252","1.25","0","2871","thing","MicroMacro: Crime City – Bonus Box","1","4","15","15","15","2023","1,2,3,4","1,3","8","Extensive use of text - massive conversion needed to be playable","","","","","","expansion","","","","","","","","","","","","","","",""
"MicroMacro: Crime City – Full House","338834","0","0","0","1","0","0","0","0","0","0","0","3","","","","","","113543621","6.97148","7.65277","1.172","522","15899","thing","MicroMacro: Crime City – Full House","1","4","45","45","15","2021","1,2,3","2","8+","Moderate in-game text - needs crib sheet or paste ups","","","","","","standalone","","","","","","","","","","","","","","",""
"MicroMacro: Crime City – More Crime: Confidence Trick & Baby-Party","322225","0","0","0","1","0","0","0","0","0","0","0","3","","","","","","113543639","5.67343","7.40123","1.625","0","1306","thing","MicroMacro: Crime City – More Crime: Confidence Trick & Baby-Party","1","4","15","15","15","2020","1,2,3","2","10+","Some necessary text - easily memorized or small crib sheet","","","","","","expansion","","","","","","","","","","","","","","",""
"MicroMacro: Crime City – Showdown","398162","0","0","0","1","0","0","0","0","0","0","0","3","","","","","","114085850","6.02835","7.91111","1","2949","4257","thing","MicroMacro: Crime City – Showdown","1","4","45","45","15","2023","1,2,3","2","8+","Extensive use of text - massive conversion needed to be playable","","","","","","standalone","","","","","","","","","","","","","","",""
"Mindbug: Der erste Kontakt","345584","0","0","0","1","0","0","0","0","0","0","0","3","","","","","","113543405","7.07695","7.59185","1.9364","410","17308","thing","Mindbug: First Contact","2","2","25","25","15","2022","2","2","8+","Moderate in-game text - needs crib sheet or paste ups","","","","","","standalone","","","","","","","","","","","","","","",""
"Mindbug: First Contact – New Servants","368718","0","0","0","1","0","0","0","0","0","0","0","3","","","","","","113543424","6.12543","7.89739","2.125","0","4515","thing","Mindbug: First Contact – New Servants","2","4","25","25","15","2022","2,4","2","10+","Moderate in-game text - needs crib sheet or paste ups","","","","","","expansion","","","","","","","","","","","","","","",""
"Mindbug: First Contact – Promo Pack 2022","395698","0","0","0","1","0","0","0","0","0","0","0","3","","","","","","113543508","5.6638","7.94148","2","0","1663","thing","Mindbug: First Contact – Promo Pack 2022","2","2","25","25","15","2023","2","2","","","","","","","","expansion","","","","","","","","","","","","","","",""
"Mindbug: Saugwurzel Promo Card","456985","0","0","0","1","0","0","0","0","0","0","0","3","","","","","","137897255","0","8.5","0","0","25","thing","Mindbug: Battlefruit – Ivybug Promo Card","2","2","25","25","15","2025","","","","","","","","","","expansion","","","","","","","","","","","","Nerdlab Games","German","2025","German edition"
"Mindbug: Suspicious Gift Promo Card","395261","0","0","0","1","0","0","0","0","0","0","0","3","","","","","","113543499","5.53732","8.00909","0","0","425","thing","Mindbug: Suspicious Gift Promo Card","2","2","25","25","15","2023","2","2","","","","","","","","expansion","","","","","","","","","","","","","","",""
"Mischwald","391163","0","0","0","1","0","0","0","0","0","0","0","3","","","","","","128188761","7.42769","7.72941","2.1986","160","32185","thing","Forest Shuffle","2","5","60","60","40","2023","2,3,4","2","10+","Moderate in-game text - needs crib sheet or paste ups","","","","","","standalone","","","","","","","","","","","","Lookout Games","German","2023","German edition"
"Mischwald: Alpin","412576","0","0","0","1","0","0","0","0","0","0","0","3","","","","","","130835863","6.94468","8.20627","2.1081","0","12467","thing","Forest Shuffle: Alpine","2","5","60","60","60","2024","2,3,4","2","10+","Some necessary text - easily memorized or small crib sheet","","","","","","expansion","","","","","","","","","","","","Lookout Games","German","2024","German edition"
"Mischwald: Dartmoor","438402","0","0","0","1","0","0","0","0","0","0","0","3","","","","","","137898389","6.1697","7.63964","2.2174","2298","2458","thing","Forest Shuffle: Dartmoor","2","5","60","60","60","2025","2,3,4","2,3","10+","Moderate in-game text - needs crib sheet or paste ups","","","","","","standalone","","","","","","","","","","","","Lookout Games","German","2025","German edition"
"Mischwald: Entdeckungen","438231","0","0","0","1","0","0","0","0","0","0","0","3","","","","","","133261176","5.98277","7.67254","2.1818","0","5424","thing","Forest Shuffle: Exploration","1","5","60","60","60","2025","1,2,3,4","1,2","10+","Some necessary text - easily memorized or small crib sheet","","","","","","expansion","","","","","","","","","","","","Lookout Games","German","2025","German edition"
"Mischwald: Hochsitz Promo Karte","456843","0","0","0","1","0","0","0","0","0","0","0","3","","","","","","137897410","0","7.42857","0","0","145","thing","Forest Shuffle: Lookout Promo Card","2","5","0","0","0","2025","","","","","","","","","","expansion","","","","","","","","","","","","Lookout Games","German","2025","German edition"
"Mischwald: Meeps / Frischling Promo Card","430070","0","0","0","1","0","0","0","0","0","0","0","3","","","","","","137897380","5.51466","6.7","0","0","320","thing","Mischwald: Meeps / Frischling Promo Card","2","5","60","60","40","2024","","","","","","","","","","expansion","","","","","","","","","","","","Lookout Games","German","2024","German edition"
"Mischwald: Waldrand","424129","0","0","0","1","0","0","0","0","0","0","0","3","","","","","","130835873","6.66009","8.12577","2.0345","0","10288","thing","Forest Shuffle: Woodland Edge","2","5","60","60","60","2024","2,3,4","2","10+","Moderate in-game text - needs crib sheet or paste ups","","","","","","expansion","","","","","","","","","","","","Lookout Games","German","2024","German edition"
"Mord in der Shadow-Villa","400268","0","0","0","1","0","0","0","0","0","0","0","3","","","","","","137897797","5.56036","6.66462","1.8","11871","406","thing","Shadow House: Masquerade","3","8","20","20","10","2024","4,5,6,7,8","5,6","10+","Some necessary text - easily memorized or small crib sheet","","","","","","standalone","","","","","","","","","","","","Blue Orange (EU)","German","2024","German edition"
"Moving Wild","423270","0","0","0","1","0","0","0","0","0","0","0","3","","","","","","127124859","5.88345","6.93628","2.0556","3901","2263","thing","Moving Wild","1","6","30","30","15","2024","1,2,3,4,5,6","2,3","","Moderate in-game text - needs crib sheet or paste ups","","","","","","standalone","","","","","","","","","","","","","","",""
"My Island","359394","0","0","0","1","0","0","0","0","0","0","0","3","","","","","","122326875","6.26523","7.33123","2.25","1939","4802","thing","My Island","2","4","30","30","30","2023","2,3,4","2","10+","Some necessary text - easily memorized or small crib sheet","","","","","","standalone","","","","","","","","","","","","","","",""
"Nemesis","167355","0","0","0","0","0","0","0","0","0","0","1","3","","","","","","124583834","7.95073","8.25329","3.4876","23","48602","thing","Nemesis","1","5","180","180","90","2018","1,2,3,4,5","4,5","14+","Moderate in-game text - needs crib sheet or paste ups","","","","","","standalone","","","","","","","","","","","","","","",""
"Neon Reign","417106","0","0","0","1","0","0","0","0","0","0","0","3","","","","","","127270882","5.64673","7.53878","1.8333","7395","553","thing","Neon Reign","1","2","15","15","10","2024","1,2","1,2","10+","","","","","","","standalone","","","","","","","","","","","","Neon Knight Games","English","2024","English deluxe edition"
"One Night Ultimate Werewolf","147949","0","0","0","1","0","0","0","0","0","0","0","3","","","","","","113543385","6.85761","7.03426","1.3798","665","57340","thing","One Night Ultimate Werewolf","3","10","10","10","10","2014","4,5,6,7,8,9,10","6,7,8","10+","No necessary in-game text","","","","","","standalone","","","","","","","","","","","","","","",""
"Orapa","424152","0","0","0","1","0","0","0","0","0","0","0","3","","","","","","137831677","6.11366","7.47725","1.8846","2547","1843","thing","Orapa Mine","2","5","30","30","20","2025","2","2","8+","No necessary in-game text","","","","","","standalone","","","","","","","","","","","","Nice Game Publishing; Playte","German","2025","German edition"
"Orapa Mine: Sapphire Expansion","441698","0","0","0","1","0","0","0","0","0","0","0","3","","","","","","138116533","0","7.63636","0","0","147","thing","Orapa Mine: Sapphire Expansion","2","5","0","0","0","2025","","","","","","","","","","expansion","","","","","","","","","","","","","","",""
"Patchwork: Americana Edition","163412","0","0","0","1","0","0","0","0","0","0","0","3","","","","","","137897769","7.47556","7.5827","1.599","141","118740","thing","Patchwork","2","2","30","30","15","2020","2","2","6+","No necessary in-game text","","","","","","standalone","","","","","","","","","","","","Lookout Games","English","2020","English edition"
"Primal: The Awakening","303731","0","0","0","0","0","0","0","0","0","0","1","3","","","","","","132663525","6.64651","8.58846","3.8362","999","3591","thing","Primal: The Awakening","1","4","90","90","60","2024","1,2,3,4","2","12+","Extensive use of text - massive conversion needed to be playable","","","","","","standalone","","","","","","","","","","","","","","",""
"Project L","260180","0","0","0","1","0","0","0","0","0","0","0","3","","","","","","127124730","7.10746","7.45723","1.5534","378","21927","thing","Project L","1","4","40","40","20","2020","1,2,3,4","2,3","8+","No necessary in-game text","","","","","","standalone","","","","","","","","","","","","","","",""
"Die Quacksalber von Quedlinburg: Das Duell","409496","0","0","0","1","0","0","0","0","0","0","0","3","","","","","","122326886","6.00122","7.4917","2.3077","3105","2726","thing","The Quacks of Quedlinburg: The Duel","2","2","60","60","45","2024","2","2","8+","Moderate in-game text - needs crib sheet or paste ups","","","","","","standalone","","","","","","","","","","","","Schmidt Spiele","German","2024","German edition"
"Qwirkle Cards","171489","0","0","0","1","0","0","0","0","0","0","0","3","","","","","","122326826","5.58521","6.07615","1.4444","10012","2152","thing","Qwirkle Cards","2","4","20","20","20","2015","2,3,4","2","8+","No necessary in-game text","","","","","","standalone","","","","","","","","","","","","","","",""
"Race for the Galaxy","28143","0","0","0","0","0","0","0","0","0","0","1","3","","","","","","124583828","7.6192","7.73872","2.9917","90","72930","thing","Race for the Galaxy","2","4","60","60","30","2018","2,3,4","2","12+","Some necessary text - easily memorized or small crib sheet","","","","","","standalone","","","","","","","","","","","","Pegasus Spiele","German","2018","German second edition"
"Radlands","329082","0","0","0","0","0","0","0","0","0","0","0","3","","","","","","128183048","7.35933","7.75891","2.2565","202","26734","thing","Radlands","2","2","40","40","20","2021","2","2","12+","Moderate in-game text - needs crib sheet or paste ups","","","","","","standalone","","","","","","","","","","","","","","",""
"Ratjack","414107","0","0","0","1","0","0","0","0","0","0","0","3","","","","","","127124724","5.80821","6.69672","1.6364","4585","1409","thing","Ratjack","2","4","30","30","15","2024","2,3,4","3","10+","Moderate in-game text - needs crib sheet or paste ups","","","","","","standalone","","","","","","","","","","","","","","",""
"Der Ringkrieg: Das Kartenspiel","362944","0","0","0","0","0","0","0","1","0","0","1","3","","","","","","126074879","6.84493","7.61855","2.98","686","10497","thing","War of the Ring: The Card Game","2","4","120","120","90","2024","2,4","4","12+","Extensive use of text - massive conversion needed to be playable","","","","","","standalone","","","","","","","","","","","","Ares Games; Schwerkraft-Verlag","German","2024","German edition"
"Romans Go Home!","140997","0","0","0","1","0","0","0","0","0","0","0","3","","","","","","138289341","5.59695","5.94414","1.2143","9326","1446","thing","Romans Go Home!","1","4","15","15","15","2014","2,3,4","4","10+","Moderate in-game text - needs crib sheet or paste ups","","","","","","standalone","","","","","","","","","","","","Lui-même","German","2014","German edition"
"SCOUT","291453","0","0","0","1","0","0","0","0","0","0","0","3","","","","","","127124847","7.58408","7.80348","1.3792","102","49434","thing","SCOUT","2","5","20","20","20","2019","3,4,5","4","8+","No necessary in-game text","","","","","","standalone","","","","","","","","","","","","","","",""
"Silencio","319402","0","0","0","1","0","0","0","0","0","0","0","3","","","","","","113543646","5.57114","6.33664","1.9","10960","836","thing","Silencio","2","4","15","0","15","2020","2,3,4","4","8+","No necessary in-game text","","","","","","standalone","","","","","","","","","","","","","","",""
"Skull","92415","0","0","0","1","0","0","0","0","0","0","0","3","","","","","","127124836","7.01334","7.17662","1.1178","472","44735","thing","Skull","3","6","45","45","15","2011","3,4,5,6","5,6","8+","No necessary in-game text","","","","","","standalone","","","","","","","","","","","","","","",""
"Skull King","150145","0","0","0","1","0","0","0","0","0","0","0","3","","","","","","122326832","7.19913","7.53227","1.7344","301","30525","thing","Skull King","2","8","30","30","30","2013","3,4,5,6","4,5","8+","No necessary in-game text","","","","","","standalone","","","","","","","","","","","","","","",""
"Sky Team","373106","0","0","0","1","0","0","0","0","0","0","0","3","","","","","","127124877","7.87478","8.13799","2.0401","34","54210","thing","Sky Team","2","2","20","20","20","2023","2","2","10+","Some necessary text - easily memorized or small crib sheet","","","","","","standalone","","","","","","","","","","","","","","",""
"Splito","359878","0","0","0","1","0","0","0","0","0","0","0","3","","","","","","122326803","5.9523","6.73394","1.2571","3406","2405","thing","Splito","3","8","20","20","15","2022","3,4,5,6,7,8","5,6","8+","Moderate in-game text - needs crib sheet or paste ups","","","","","","standalone","","","","","","","","","","","","","","",""
"Star Wars: The Deckbuilding Game","374173","0","0","0","1","0","0","0","0","0","0","0","3","","","","","","138929190","7.31787","7.82239","2.0304","223","21410","thing","Star Wars: The Deckbuilding Game","2","2","90","90","30","2023","2","2","10+","Extensive use of text - massive conversion needed to be playable","","","","","","standalone","","","","","","","","","","","","Fantasy Flight Games","German","2023","German edition"
"Star Wars: The Deckbuilding Game – Clone Wars Edition","422332","0","0","0","1","0","0","0","0","0","0","0","3","","","","","","130835921","6.34949","8.04211","2.2381","1678","4263","thing","Star Wars: The Deckbuilding Game – Clone Wars Edition","2","2","90","90","30","2024","2","2","10+","Unplayable in another language","","","","","","standalone","","","","","","","","","","","","Fantasy Flight Games","German","2024","German edition"
"System Gateway: Remastered Edition","345976","0","0","0","1","0","0","0","0","0","0","0","3","","PnP","","","","125179554","6.43177","9.11051","3.5","1466","2084","thing","System Gateway (fan expansion for Android: Netrunner)","2","2","45","45","45","2023","2","2","12+","Extensive use of text - massive conversion needed to be playable","","","","","","standalone","","","","","","","","","","","","Null Signal Games (NISEI)","English","2023","English edition 2023"
"T.I.M.E Stories","146508","0","0","0","1","0","0","0","0","0","0","0","3","","","","","","130835835","7.1526","7.35419","2.5882","338","43176","thing","T.I.M.E Stories","2","4","90","90","90","2022","2,3,4","4","14+","Unplayable in another language","","","","","","standalone","","","","","","","","","","","","Space Cowboys","German","2022","German edition 2022"
"Tag Team","434906","0","0","0","1","0","0","0","0","0","0","0","3","","","","","","138561003","6.36187","7.74584","2.0179","1645","3352","thing","Tag Team","2","2","10","10","10","2025","2","2","10+","Moderate in-game text - needs crib sheet or paste ups","","","","","","standalone","","","","","","","","","","","","KOSMOS; Scorpion Masqué","German","2025","German edition"
"Terrorscape","371433","0","0","0","1","0","0","0","0","0","0","0","3","","","","","","132546784","6.80267","8.14408","2.3077","736","5392","thing","Terrorscape","2","4","45","45","30","2024","2,3,4","2,4","12+","Moderate in-game text - needs crib sheet or paste ups","","","","","","standalone","","","","","","","","","","","","Grimspire; ICE Makes","German","2024","German edition"
"That's Not a Hat","375651","0","0","0","1","0","0","0","0","0","0","0","3","","","","","","127365470","6.56584","7.01759","1.0588","1145","12533","thing","That's Not a Hat","3","8","15","15","15","2024","4,5,6,7,8","5","8+","No necessary in-game text","","","","","","standalone","","","","","","","","","","","","Ravensburger","German","2024","German Rougette edition"
"Time's Up!: Harry Potter","347304","0","0","0","1","0","0","0","0","0","0","0","3","","","","","","137897724","5.65275","7.37024","1","7235","800","thing","Time's Up!: Harry Potter","4","12","30","30","30","2022","12","12","","Unplayable in another language","","","","","","standalone","","","","","","","","","","","","R&R Games; Repos Production","German","2022","German edition"
"Tiny Mini Golf","375322","0","0","0","1","0","0","0","0","0","0","0","3","","","","","","113543360","5.539","7.36029","1.75","14488","199","thing","Tiny Mini Golf","2","99","40","40","20","2023","2,3,4,5,6,7,8,9,10","2,3","8+","No necessary in-game text","","","","","","standalone","","","","","","","","","","","","","","",""
"Too Many Bones","192135","0","0","0","1","0","0","0","0","0","0","0","3","","","","","","114449834","7.86242","8.30162","3.8592","36","24903","thing","Too Many Bones","1","4","120","120","60","2017","1,2,3,4","2","12+","Extensive use of text - massive conversion needed to be playable","","","","","","standalone","","","","","","","","","","","","","","",""
"Too Many Bones: Age of Tyranny","239291","0","0","0","1","0","0","0","0","0","0","0","3","","","","","","122326916","6.3761","8.59391","4","0","7599","thing","Too Many Bones: Age of Tyranny","1","4","90","90","60","2018","1,2,3,4","1,2,3,4","","Extensive use of text - massive conversion needed to be playable","","","","","","expansion","","","","","","","","","","","","","","",""
"Too Many Bones: Book of Secrets Promo Card","246285","0","0","0","1","0","0","0","0","0","0","0","3","","","","","","127124758","5.62201","8.77172","3","0","825","thing","Too Many Bones: Book of Secrets Promo Card","1","4","120","120","60","2017","","","","","","","","","","expansion","","","","","","","","","","","","","","",""
"Too Many Bones: Box of Endless Adventures Promo Card","236503","0","0","0","1","0","0","0","0","0","0","0","3","","","","","","127124761","5.64655","8.61052","3","0","987","thing","Too Many Bones: Box of Endless Adventures Promo Card","1","4","120","120","60","2017","","","","","","","","","","expansion","","","","","","","","","","","","","","",""
"Too Many Bones: Forbidden Gems Promo Card","240993","0","0","0","1","0","0","0","0","0","0","0","3","","","","","","127124756","5.60651","8.6399","3","0","764","thing","Too Many Bones: Forbidden Gems Promo Card","1","4","120","120","60","2017","","","","","","","","","","expansion","","","","","","","","","","","","","","",""
"Too Many Bones: Gasket","239290","0","0","0","1","0","0","0","0","0","0","0","3","","","","","","122326928","6.40007","8.79033","3.5714","0","6853","thing","Too Many Bones: Gasket","1","4","120","120","60","2018","1,2,3,4","1","14","","","","","","","expansion","","","","","","","","","","","","","","",""
"Too Many Bones: Ghillie","224899","0","0","0","1","0","0","0","0","0","0","0","3","","","","","","122326925","6.67645","8.76934","3.6154","0","9004","thing","Too Many Bones: Ghillie","1","4","120","120","60","2017","1,2,3,4","1","12","","","","","","","expansion","","","","","","","","","","","","","","",""
"Too Many Bones: The Gearloc Child Promo","307612","0","0","0","1","0","0","0","0","0","0","0","3","","","","","","127124752","5.73509","8.2483","4","0","2644","thing","Too Many Bones: The Gearloc Child Promo","1","4","120","120","60","2020","1,2,3,4","1","12","","","","","","","expansion","","","","","","","","","","","","","","",""
"Too Many Bones: The Great Gathering Promo Card","246284","0","0","0","1","0","0","0","0","0","0","0","3","","","","","","127124755","5.59816","8.55909","3","0","706","thing","Too Many Bones: The Great Gathering Promo Card","1","4","120","120","60","2017","1,2,3,4","3","","","","","","","","expansion","","","","","","","","","","","","","","",""
"Undaunted: Normandy","268864","0","0","0","0","0","0","0","0","0","0","1","3","","","","","","124583844","7.3939","7.77296","2.2674","177","25787","thing","Undaunted: Normandy","2","2","60","60","45","2019","2","2","12+","Some necessary text - easily memorized or small crib sheet","","","","","","standalone","","","","","","","","","","","","","","",""
"Unlock!: Game Adventures","350636","0","0","0","1","0","0","0","0","0","0","0","3","","","","","","137897862","6.52877","7.87502","2.3684","1221","4329","thing","Unlock!: Game Adventures","1","6","60","60","30","2022","1,2,3,4","2","10+","Unplayable in another language","","","","","","standalone","","","","","","","","","","","","Space Cowboys","German","2022","German edition"
"The Vale of Eternity","385529","0","0","0","1","0","0","0","0","0","0","0","3","","","","","","124583865","7.11692","7.60115","2.1429","367","13502","thing","The Vale of Eternity","2","4","45","45","30","2024","2,3,4","3","10+","Moderate in-game text - needs crib sheet or paste ups","","","","","","standalone","","","","","","","","","","","","Pegasus Spiele","German","2024","German edition"
"Watergate","274364","0","0","0","1","0","0","0","0","0","0","0","3","","","","","","131166071","7.39028","7.73068","2.2749","180","24132","thing","Watergate","2","2","60","60","30","2020","2","2","12+","Extensive use of text - massive conversion needed to be playable","","","","","","standalone","","","","","","","","","","","","Frosted Games; Pegasus Spiele","German","2020","German second edition"
"What the Rule?!","391892","0","0","0","1","0","0","0","0","0","0","0","3","","","","","","113543300","5.57722","6.93589","2.2","10507","288","thing","What the Rule?!","2","10","15","15","15","2023","2,3,4,5,6","3,4","10+","No necessary in-game text","","","","","","standalone","","","","","","","","","","","","","","",""
"Wingspan: European Expansion","290448","0","0","0","1","0","0","0","0","0","0","0","3","","","","","","127121808","7.92703","8.3286","2.4269","0","59148","thing","Wingspan: European Expansion","1","5","70","70","40","2019","1,2,3,4,5","3","10+","Extensive use of text - massive conversion needed to be playable","","","","","","expansion","","","","","","","","","","","","","","",""
"Wingspan: Oceania Expansion","300580","0","0","0","1","0","0","0","0","0","0","0","3","","","","","","113543274","7.91609","8.45182","2.6578","0","47862","thing","Wingspan: Oceania Expansion","1","5","70","70","40","2020","1,2,3,4,5","3","10+","Extensive use of text - massive conversion needed to be playable","","","","","","expansion","","","","","","","","","","","","","","",""
"Wizard Würfelspiel","286547","0","0","0","1","0","0","0","0","0","0","0","3","","","","","","138404488","5.49521","5.48944","1","25989","813","thing","Wizard Würfelspiel","2","5","20","20","20","2019","2,3,4,5","3,4","10+","Some necessary text - easily memorized or small crib sheet","","","","","","standalone","","","","","","","","","","","","AMIGO","German","2019","German edition"
"WRDS","452042","0","0","0","1","0","0","0","0","0","0","0","3","","","","","","137897493","0","7.36667","0","0","23","thing","WRDS","1","6","30","30","15","2025","","","","","","","","","","standalone","","","","","","","","","","","","Perdix Spiele","German","2025","German edition"
"Zombicide: Feuer frei","364792","0","0","0","1","0","0","0","0","0","0","0","3","","","","","","132719583","5.86666","7.03316","1.8333","4040","2163","thing","Zombicide: Gear Up","1","6","30","30","30","2023","1,2,3,4","1","12+","Moderate in-game text - needs crib sheet or paste ups","","","","","","standalone","","","","","","","","","","","","CMON Global Limited; Guillotine Games","German","2023","German edition"
"Zug um Zug: Europa","14996","0","0","0","1","0","0","0","0","0","0","0","3","","","","","","122326858","7.39732","7.52529","1.9169","173","132768","thing","Ticket to Ride: Europe","2","5","60","60","30","2005","2,3,4,5","4","8+","No necessary in-game text","","","","","","standalone","","","","","","","","","","","","","","",""
